country,score
AT,0.5259211057
BE,0.3520503824
BG,0.3629060599
CY,0.9410606168
CZ,0.5294809979
DE,0.2729529700
DK,0.6423080853
EE,0.4698792665
EL,0.7198280758
ES,0.4323513548
FI,0.7973312311
FR,0.3529364285
HR,0.3579879980
HU,0.4657876514
IE,0.6137302330
IT,0.4778100103
LT,0.3468971598
LU,0.6185828536
LV,0.3682229889
MT,1.0000000000
NL,0.3549192976
PL,0.4886071651
PT,0.5077862880
RO,0.2874678262
SE,0.7551265561
SI,0.4471462073
SK,0.4855064848
