{
  "axis_1_financial": {
    "min": 0.10039135,
    "max": 0.27299265,
    "mean": 0.14799792074074075,
    "median": 0.13998786,
    "std_population": 0.03728202823615291
  },
  "axis_2_energy": {
    "min": 0.30187479,
    "max": 0.47029821,
    "mean": 0.3652366325925926,
    "median": 0.35125471,
    "std_population": 0.04790658401802597
  },
  "axis_3_technology": {
    "min": 0.09762824,
    "max": 0.58695939,
    "mean": 0.2107877451851852,
    "median": 0.19789321,
    "std_population": 0.09458972057926791
  },
  "axis_4_defense": {
    "min": 0.0,
    "max": 1.0,
    "mean": 0.5731992992592593,
    "median": 0.55148593,
    "std_population": 0.225657967244944
  },
  "axis_5_critical_inputs": {
    "min": 0.11235234,
    "max": 0.54699996,
    "mean": 0.25154981962962963,
    "median": 0.22200621,
    "std_population": 0.12182538101729096
  },
  "axis_6_logistics": {
    "min": 0.27295297,
    "max": 1.0,
    "mean": 0.5175772340740741,
    "median": 0.47781001,
    "std_population": 0.18640807852806257
  }
}
