reporter,channel_a_mode_hhi,total_tonnes,n_modes_used
AU,0.5312000000,892400.0,3
CN,0.4187000000,4521000.0,4
GB,0.5044000000,1043200.0,3
JP,0.6821000000,738500.0,3
KR,0.7456000000,412300.0,2
NO,0.5689000000,287600.0,3
US,0.3842000000,6234000.0,4
