country,score
AT,0.5850637872
BE,0.4473485401
BG,0.8606451789
CY,0.7484799776
CZ,0.4841373706
DE,0.5826675101
DK,0.7236827362
EE,0.3556147435
EL,0.5514859348
ES,0.3808856857
FI,0.3896451752
FR,0.3703461703
HR,0.7464831739
HU,0.5447198095
IE,0.4488745964
IT,0.9205765103
LT,0.4022779760
LU,0.6448383117
LV,0.3407963640
MT,1.0000000000
NL,0.9595539561
PL,0.4432649256
PT,0.4337625409
RO,0.5635319511
SE,0.8810794273
SI,0.6666187100
SK,0.0000000000
